id,winpercent,oppwinpercent,weather,winner
1,0.6458767915,0.5,1,1
2,0.4152051353,0.4725243434,0,0
3,0.5437003729,0.6646592437,0,1
